SucursalID,Nombre,CodigoBarra,Categoria,FechaCaducidad,Marca,Precio,Stock

001,Jugo,0000000001,Food,2025-10-16,Whirlpool,54.41,293

021,Carne,0000000002,Computers,2025-06-14,Nestle,111.78,71

003,Carne,0000000003,Computers,2025-04-28,Whirlpool,361.64,64

028,Queso,0000000004,Computers,2025-07-23,Bimbo,200.33,231

001,Jugo,0000000005,Computers,2025-10-10,Whirlpool,37.96,487

000,Monitor,0000000006,Electronics,2026-01-19,HP,92.78,448

029,Leche,0000000007,Food,2025-04-15,Philips,224.62,456

000,Jugo,0000000008,Food,2025-10-26,Dell,720.91,487

025,Jugo,0000000009,Kitchen,2025-03-26,HP,548.97,236

020,Jugo,0000000010,Computers,2026-12-20,Philips,69.92,137

025,Pan,0000000011,Electronics,2025-09-23,Nestle,936.04,224

001,Audifonos,0000000012,Kitchen,2026-11-06,HP,688.23,12

016,Audifonos,0000000013,Food,2026-06-18,Sony,857.64,241

002,Audifonos,0000000014,Computers,2025-04-24,Philips,660.55,397

013,Pan,0000000015,Electronics,2025-01-11,Samsung,116.18,356

026,Jugo,0000000016,Food,2025-12-02,Samsung,82.21,411

016,Mouse,0000000017,Food,2026-08-08,Philips,247.99,48

012,Monitor,0000000018,Computers,2025-10-13,Dell,698.16,180

020,Teclado,0000000019,Food,2026-05-14,Whirlpool,219.42,113

028,Leche,0000000020,Computers,2026-11-13,Whirlpool,616.53,62

019,Teclado,0000000021,Kitchen,2025-07-16,Bimbo,633.73,485

027,Carne,0000000022,Food,2025-03-13,Samsung,561.05,500

012,Cafetera,0000000023,Kitchen,2025-09-05,Whirlpool,898.99,214

006,Mouse,0000000024,Electronics,2025-08-28,HP,122.29,409

016,Laptop,0000000025,Food,2026-07-24,Dell,632.94,68

001,Monitor,0000000026,Kitchen,2025-09-04,HP,855.97,9

029,Monitor,0000000027,Kitchen,2025-10-09,Bimbo,62.15,343

006,Leche,0000000028,Food,2026-07-18,LG,358.54,246

024,Mouse,0000000029,Kitchen,2025-01-18,Samsung,121.26,158

006,Cafetera,0000000030,Kitchen,2025-12-18,Samsung,191.98,141

022,Leche,0000000031,Electronics,2026-08-26,Dell,63.25,279

011,Queso,0000000032,Computers,2025-11-10,Philips,66.28,492

009,Queso,0000000033,Kitchen,2025-05-13,Dell,674.17,101

015,Refrigeradora,0000000034,Kitchen,2026-03-12,Sony,61.4,425

006,Mouse,0000000035,Kitchen,2026-05-03,LG,407.16,4

011,Cafetera,0000000036,Computers,2025-04-27,Nestle,639.97,82

008,Leche,0000000037,Food,2026-12-10,Whirlpool,74.23,446

004,Microondas,0000000038,Kitchen,2026-10-05,Bimbo,348.85,315

022,Mouse,0000000039,Kitchen,2025-02-18,Bimbo,878.06,135

005,Leche,0000000040,Computers,2026-03-23,Philips,265.67,379

026,Pan,0000000041,Food,2026-02-07,Sony,254.6,157

025,Microondas,0000000042,Electronics,2026-09-13,Whirlpool,648.15,100

025,Leche,0000000043,Computers,2026-08-26,Philips,537.02,95

001,Cafetera,0000000044,Electronics,2025-10-20,LG,529.18,5

017,Licuadora,0000000045,Computers,2026-11-03,Samsung,453.57,70

004,Monitor,0000000046,Computers,2026-10-12,Samsung,698.45,321

022,Monitor,0000000047,Food,2025-07-01,Whirlpool,905.27,211

022,Licuadora,0000000048,Computers,2025-08-17,Nestle,449.14,346

002,Carne,0000000049,Computers,2025-03-04,Bimbo,978.11,125

020,Jugo,0000000050,Food,2026-11-26,Nestle,650.05,490

004,Queso,0000000051,Electronics,2025-08-27,LG,357.48,55

030,Refrigeradora,0000000052,Computers,2026-04-04,Philips,135.69,268

014,Queso,0000000053,Kitchen,2025-05-13,Philips,238.02,194

019,Refrigeradora,0000000054,Computers,2026-09-27,Samsung,131.01,362

015,Audifonos,0000000055,Electronics,2026-05-24,Samsung,277.35,84

016,Jugo,0000000056,Food,2025-04-07,Whirlpool,494.76,257

005,Licuadora,0000000057,Computers,2026-05-05,Samsung,853.26,315

017,Pan,0000000058,Food,2025-04-07,Bimbo,740.6,448

026,Monitor,0000000059,Kitchen,2025-07-09,Bimbo,339.12,46

019,Licuadora,0000000060,Electronics,2026-01-25,HP,410.17,77

020,Teclado,0000000061,Food,2025-08-21,LG,352.85,232

008,Pan,0000000062,Electronics,2026-10-03,LG,288.04,432

015,Jugo,0000000063,Food,2025-10-10,Sony,579.38,327

002,Cafetera,0000000064,Computers,2026-04-09,Nestle,198.46,149

016,Leche,0000000065,Computers,2026-11-24,Samsung,962.69,127

024,Mouse,0000000066,Computers,2026-09-26,Philips,670.74,422

014,Microondas,0000000067,Electronics,2026-05-07,HP,113.89,95

005,Mouse,0000000068,Computers,2025-12-12,HP,446.66,118

020,Teclado,0000000069,Computers,2025-06-18,Nestle,337.84,500

005,Microondas,0000000070,Computers,2026-10-28,Nestle,417.19,406

030,Teclado,0000000071,Electronics,2026-04-02,LG,65.91,348

018,Licuadora,0000000072,Kitchen,2025-02-13,Dell,338.56,337

001,Licuadora,0000000073,Food,2025-05-16,HP,838.71,396

001,Refrigeradora,0000000074,Computers,2025-09-05,Samsung,534.97,397

010,Cafetera,0000000075,Kitchen,2025-11-16,LG,548.6,330

022,Monitor,0000000076,Computers,2026-08-18,Whirlpool,333.56,376

006,Queso,0000000077,Electronics,2026-06-19,Sony,922.86,266

013,Laptop,0000000078,Food,2026-05-20,Nestle,378.25,262

026,Carne,0000000079,Food,2026-02-17,Philips,329.3,21

010,Laptop,0000000080,Computers,2025-01-01,LG,639.48,356

017,Mouse,0000000081,Electronics,2026-09-18,HP,520.11,336

027,Teclado,0000000082,Food,2025-04-17,Philips,330.58,90

021,Laptop,0000000083,Electronics,2025-08-19,Sony,923.78,151

019,Mouse,0000000084,Kitchen,2026-08-21,Sony,908.01,35

022,Monitor,0000000085,Computers,2026-12-15,Samsung,498.88,118

001,Pan,0000000086,Food,2025-07-17,Whirlpool,614.04,430

003,Carne,0000000087,Kitchen,2025-06-15,Samsung,874.98,27

029,Leche,0000000088,Food,2025-05-24,Sony,507.06,421

003,Jugo,0000000089,Computers,2026-10-05,Dell,36.65,369

016,Laptop,0000000090,Food,2025-07-08,Whirlpool,594.37,34

009,Licuadora,0000000091,Electronics,2025-10-28,LG,816.72,194

017,Pan,0000000092,Electronics,2026-04-27,Bimbo,442.41,305

010,Queso,0000000093,Computers,2025-09-03,Whirlpool,159.16,333

007,Leche,0000000094,Computers,2025-10-18,Dell,477.39,129

004,Teclado,0000000095,Electronics,2026-05-21,Philips,218.39,130

015,Leche,0000000096,Computers,2026-12-14,Whirlpool,506.14,181

012,Audifonos,0000000097,Electronics,2026-06-12,Nestle,813.92,214

025,Laptop,0000000098,Computers,2025-06-11,Sony,51.05,132

028,Queso,0000000099,Food,2025-11-21,Philips,376.89,49

016,Teclado,0000000100,Computers,2025-09-22,Samsung,303.27,320

026,Teclado,0000000101,Food,2025-05-06,HP,797.83,1

005,Cafetera,0000000102,Electronics,2026-01-01,Dell,205.58,137

022,Refrigeradora,0000000103,Food,2026-05-23,Whirlpool,556.15,30

026,Pan,0000000104,Computers,2025-09-09,Dell,454.81,67

005,Licuadora,0000000105,Kitchen,2026-04-23,Sony,618.91,11

011,Pan,0000000106,Computers,2026-10-27,Nestle,48.69,396

004,Queso,0000000107,Computers,2026-09-16,HP,187.63,60

000,Laptop,0000000108,Food,2026-12-17,Whirlpool,764.07,41

027,Mouse,0000000109,Computers,2026-04-13,HP,697.53,92

025,Queso,0000000110,Computers,2026-02-14,Sony,431.66,285

022,Microondas,0000000111,Food,2025-06-09,Philips,723.92,49

021,Audifonos,0000000112,Food,2025-09-04,Bimbo,999.61,17

008,Mouse,0000000113,Food,2026-08-19,Bimbo,625.06,209

015,Teclado,0000000114,Electronics,2025-07-13,Dell,433.34,88

020,Refrigeradora,0000000115,Kitchen,2026-07-26,LG,783.8,98

016,Microondas,0000000116,Food,2025-02-01,Nestle,694.33,287

010,Cafetera,0000000117,Kitchen,2025-01-07,Philips,700.47,426

025,Leche,0000000118,Computers,2025-11-06,Bimbo,765.66,240

007,Jugo,0000000119,Food,2026-09-02,Sony,257.44,436

007,Refrigeradora,0000000120,Electronics,2025-07-24,Philips,194.09,95

020,Jugo,0000000121,Electronics,2025-02-09,Sony,365.21,303

000,Audifonos,0000000122,Electronics,2025-03-26,HP,565.66,43

030,Jugo,0000000123,Electronics,2026-07-22,Nestle,755.14,365

000,Refrigeradora,0000000124,Electronics,2025-10-13,Whirlpool,706.66,1

026,Licuadora,0000000125,Computers,2025-12-03,Bimbo,844.07,362

025,Cafetera,0000000126,Electronics,2026-05-12,LG,955.26,347

028,Cafetera,0000000127,Food,2026-08-06,Dell,713.6,421

025,Microondas,0000000128,Food,2026-05-09,Dell,702.25,264

022,Teclado,0000000129,Computers,2026-09-01,Nestle,306.34,8

025,Mouse,0000000130,Computers,2025-03-08,HP,879.83,296

001,Monitor,0000000131,Computers,2026-12-06,Dell,762.31,37

004,Teclado,0000000132,Electronics,2025-08-12,Philips,581.4,199

027,Monitor,0000000133,Kitchen,2025-12-13,Whirlpool,698.4,247

022,Mouse,0000000134,Electronics,2026-09-03,HP,109.19,143

000,Leche,0000000135,Food,2026-05-23,Sony,586.52,206

026,Monitor,0000000136,Kitchen,2025-05-24,LG,858.58,104

013,Microondas,0000000137,Electronics,2025-05-15,Sony,252.73,208

005,Microondas,0000000138,Computers,2025-06-04,Nestle,720.64,227

014,Carne,0000000139,Kitchen,2026-06-23,Whirlpool,817.02,251

011,Cafetera,0000000140,Computers,2025-08-19,HP,350.17,214

029,Audifonos,0000000141,Computers,2026-07-27,HP,925.58,360

002,Laptop,0000000142,Food,2025-05-04,Bimbo,434.84,412

027,Teclado,0000000143,Food,2026-08-27,Bimbo,430.08,223

003,Jugo,0000000144,Food,2025-02-27,Philips,316.01,53

025,Jugo,0000000145,Kitchen,2026-08-06,Philips,857.49,46

005,Pan,0000000146,Food,2025-03-24,Philips,486.99,162

026,Carne,0000000147,Electronics,2025-11-12,Nestle,669.62,427

016,Queso,0000000148,Electronics,2026-11-02,Whirlpool,692.42,188

014,Carne,0000000149,Electronics,2025-04-18,Bimbo,104.36,393

001,Audifonos,0000000150,Computers,2025-07-11,Whirlpool,85.53,412

004,Refrigeradora,0000000151,Computers,2025-01-01,LG,985.76,151

013,Carne,0000000152,Electronics,2026-12-22,Sony,763.74,31

016,Monitor,0000000153,Electronics,2025-06-23,LG,370.1,60

025,Licuadora,0000000154,Kitchen,2026-01-20,Bimbo,18.13,434

005,Carne,0000000155,Computers,2026-03-21,Dell,649.09,29

000,Cafetera,0000000156,Computers,2026-07-05,LG,432.03,274

019,Mouse,0000000157,Electronics,2025-08-05,LG,575.92,78

012,Licuadora,0000000158,Kitchen,2025-05-08,Philips,73.43,482

002,Queso,0000000159,Kitchen,2026-08-10,Sony,638.19,243

020,Cafetera,0000000160,Kitchen,2025-08-12,HP,167.37,392

011,Leche,0000000161,Computers,2026-12-13,Whirlpool,491.22,354

029,Laptop,0000000162,Computers,2025-04-04,Dell,655.94,179

022,Microondas,0000000163,Kitchen,2026-06-13,Nestle,92.74,400

016,Refrigeradora,0000000164,Food,2026-01-14,Dell,148.32,492

022,Pan,0000000165,Computers,2025-08-24,Whirlpool,196.19,238

027,Queso,0000000166,Kitchen,2026-10-09,Philips,30.76,470

018,Microondas,0000000167,Kitchen,2026-03-13,Whirlpool,999.02,298

017,Cafetera,0000000168,Electronics,2025-09-06,Nestle,583.78,418

014,Monitor,0000000169,Computers,2025-12-24,Samsung,276.56,125

016,Cafetera,0000000170,Electronics,2026-08-27,Bimbo,228.03,479

003,Laptop,0000000171,Computers,2026-09-23,Dell,241.58,389

026,Licuadora,0000000172,Computers,2026-08-06,Dell,599.74,242

014,Jugo,0000000173,Kitchen,2025-03-01,Whirlpool,859.65,191

016,Pan,0000000174,Kitchen,2025-04-09,Samsung,729.16,494

023,Refrigeradora,0000000175,Electronics,2026-05-24,Bimbo,902.06,173

003,Microondas,0000000176,Kitchen,2025-09-22,Whirlpool,934.35,249

027,Mouse,0000000177,Computers,2026-10-19,Bimbo,421.01,91

001,Mouse,0000000178,Kitchen,2025-11-03,LG,407.83,340

019,Jugo,0000000179,Computers,2026-08-28,Sony,64.44,140

029,Pan,0000000180,Electronics,2025-03-17,HP,710.58,113

027,Teclado,0000000181,Kitchen,2026-03-04,Bimbo,525.51,308

017,Pan,0000000182,Electronics,2026-10-19,Samsung,572.65,117

007,Queso,0000000183,Computers,2025-12-08,HP,145.04,51

013,Pan,0000000184,Electronics,2026-02-22,HP,59.55,388

001,Monitor,0000000185,Food,2025-11-11,Philips,962.87,141

004,Monitor,0000000186,Kitchen,2025-12-13,Sony,252.06,239

027,Licuadora,0000000187,Computers,2026-03-19,Samsung,687.46,464

010,Pan,0000000188,Food,2026-01-22,Dell,896.34,18

030,Queso,0000000189,Food,2025-08-10,Whirlpool,60.77,260

012,Refrigeradora,0000000190,Electronics,2026-11-13,Dell,724.33,187

029,Audifonos,0000000191,Electronics,2026-12-02,Bimbo,76.96,386

002,Leche,0000000192,Computers,2026-08-09,Whirlpool,996.73,302

026,Carne,0000000193,Food,2026-05-01,HP,534.21,355

027,Carne,0000000194,Kitchen,2026-07-14,Sony,711.13,466

022,Monitor,0000000195,Computers,2026-09-20,HP,663.22,35

012,Cafetera,0000000196,Electronics,2026-09-16,Sony,936.78,184

018,Teclado,0000000197,Computers,2025-01-21,Whirlpool,668.47,196

024,Carne,0000000198,Kitchen,2026-02-06,Whirlpool,764.1,355

005,Audifonos,0000000199,Computers,2025-03-18,Samsung,63.13,28

007,Audifonos,0000000200,Food,2026-07-28,Whirlpool,395.79,306

016,Pan,0000000201,Kitchen,2025-06-27,HP,648.36,10

007,Laptop,0000000202,Kitchen,2025-04-09,Samsung,940.11,404

015,Pan,0000000203,Food,2025-02-07,HP,837.76,374

007,Cafetera,0000000204,Kitchen,2025-03-10,Philips,375.98,357

004,Teclado,0000000205,Food,2026-08-10,Philips,780.5,341

030,Licuadora,0000000206,Computers,2026-05-27,HP,788.64,252

019,Licuadora,0000000207,Computers,2025-10-23,LG,660.55,417

023,Leche,0000000208,Food,2025-08-01,Nestle,214.07,225

029,Queso,0000000209,Computers,2026-07-02,Nestle,625.37,342

027,Carne,0000000210,Electronics,2025-11-21,Samsung,922.87,9

011,Refrigeradora,0000000211,Kitchen,2025-11-22,LG,746.28,201

024,Teclado,0000000212,Computers,2025-02-15,Philips,692.05,463

007,Teclado,0000000213,Computers,2025-05-20,Dell,407.45,229

004,Laptop,0000000214,Food,2025-07-10,LG,978.2,151

024,Monitor,0000000215,Kitchen,2026-05-08,Whirlpool,57.88,276

030,Cafetera,0000000216,Food,2025-03-24,Bimbo,145.36,154

016,Laptop,0000000217,Electronics,2026-01-24,Bimbo,775.98,326

015,Mouse,0000000218,Food,2025-04-26,Dell,91.28,396

008,Carne,0000000219,Computers,2026-08-05,Nestle,302.31,412

022,Cafetera,0000000220,Computers,2025-08-23,Samsung,754.91,53

009,Licuadora,0000000221,Electronics,2025-10-09,Philips,918.55,482

009,Teclado,0000000222,Computers,2026-08-13,Samsung,475.66,45

023,Microondas,0000000223,Electronics,2026-03-17,LG,528.73,468

011,Microondas,0000000224,Food,2026-05-06,Bimbo,708.79,14

016,Cafetera,0000000225,Food,2026-05-17,Samsung,174.27,165

019,Microondas,0000000226,Kitchen,2025-05-05,Nestle,526.84,449

011,Licuadora,0000000227,Computers,2026-03-22,Nestle,21.69,57

023,Leche,0000000228,Electronics,2026-10-24,Bimbo,356.1,481

029,Carne,0000000229,Electronics,2026-11-03,Dell,221.6,104

018,Monitor,0000000230,Kitchen,2026-07-27,HP,733.35,158

007,Teclado,0000000231,Food,2026-02-04,Philips,935.24,148

012,Mouse,0000000232,Electronics,2025-05-11,Samsung,588.86,36

028,Mouse,0000000233,Kitchen,2026-09-24,Sony,188.16,483

025,Microondas,0000000234,Electronics,2025-02-19,Nestle,975.64,362

004,Laptop,0000000235,Kitchen,2025-02-09,LG,397.09,349

025,Microondas,0000000236,Computers,2026-08-14,Philips,180.33,431

018,Audifonos,0000000237,Food,2026-09-13,Bimbo,403.63,306

026,Refrigeradora,0000000238,Electronics,2026-06-07,Bimbo,943.3,134

027,Microondas,0000000239,Kitchen,2025-02-13,Sony,40.27,423

010,Monitor,0000000240,Computers,2025-12-26,Nestle,650.7,377

009,Mouse,0000000241,Kitchen,2025-07-05,HP,671.76,194

016,Refrigeradora,0000000242,Computers,2025-04-24,Bimbo,431.54,117

007,Audifonos,0000000243,Electronics,2025-05-09,Bimbo,66.85,464

022,Teclado,0000000244,Computers,2025-05-15,Whirlpool,644.48,188

010,Audifonos,0000000245,Electronics,2025-07-03,LG,822.46,269

001,Jugo,0000000246,Kitchen,2026-04-08,Samsung,537.97,4

011,Cafetera,0000000247,Computers,2025-04-15,Philips,967.54,44

030,Monitor,0000000248,Kitchen,2026-04-22,Whirlpool,112.76,466

024,Licuadora,0000000249,Electronics,2025-03-04,Nestle,994.59,153

011,Carne,0000000250,Electronics,2025-02-21,LG,861.1,226

014,Pan,0000000251,Computers,2026-05-09,Nestle,695.05,34

025,Microondas,0000000252,Electronics,2026-10-02,Bimbo,96.6,431

012,Laptop,0000000253,Electronics,2026-11-08,Bimbo,170.64,83

000,Refrigeradora,0000000254,Computers,2025-10-08,Whirlpool,156.59,38

016,Microondas,0000000255,Computers,2026-03-17,Bimbo,999.3,108

027,Audifonos,0000000256,Kitchen,2026-01-08,Philips,815.98,399

011,Audifonos,0000000257,Food,2026-07-10,Nestle,454.94,233

010,Laptop,0000000258,Computers,2025-03-28,LG,559.35,47

009,Jugo,0000000259,Computers,2025-04-08,LG,56.8,376

020,Teclado,0000000260,Computers,2025-02-22,Philips,27.87,212

005,Audifonos,0000000261,Electronics,2025-01-23,Dell,263.23,57

003,Cafetera,0000000262,Food,2025-02-11,LG,179.95,323

003,Teclado,0000000263,Kitchen,2026-07-09,Dell,133.77,448

005,Queso,0000000264,Electronics,2025-07-01,Samsung,75.73,53

006,Teclado,0000000265,Electronics,2026-04-14,Whirlpool,134.8,87

019,Queso,0000000266,Kitchen,2025-11-24,Bimbo,623.29,470

014,Microondas,0000000267,Electronics,2026-08-01,Bimbo,942.41,171

014,Queso,0000000268,Food,2026-03-11,LG,776.43,66

013,Pan,0000000269,Computers,2026-06-16,Dell,209.23,356

025,Laptop,0000000270,Food,2025-04-15,Whirlpool,73.81,9

026,Queso,0000000271,Kitchen,2026-01-13,HP,683.76,413

020,Monitor,0000000272,Food,2025-07-10,Dell,166.3,241

007,Audifonos,0000000273,Computers,2025-10-05,LG,413.32,303

003,Mouse,0000000274,Computers,2025-06-11,Nestle,625.22,470

009,Microondas,0000000275,Electronics,2025-06-06,Samsung,534.86,384

030,Microondas,0000000276,Electronics,2026-10-23,Sony,921.96,186

015,Audifonos,0000000277,Food,2026-10-12,Bimbo,117.56,127

005,Leche,0000000278,Computers,2026-07-20,Dell,472.56,178

029,Queso,0000000279,Food,2026-06-18,Nestle,309.86,74

019,Mouse,0000000280,Computers,2026-06-18,Whirlpool,728.8,66

006,Licuadora,0000000281,Computers,2025-06-11,Philips,335.82,24

017,Audifonos,0000000282,Food,2026-04-14,Philips,704.44,24

014,Licuadora,0000000283,Electronics,2025-05-23,HP,528.91,441

004,Audifonos,0000000284,Food,2026-04-10,Philips,192.05,319

007,Refrigeradora,0000000285,Kitchen,2025-02-12,Dell,849.22,113

022,Licuadora,0000000286,Food,2025-01-17,Sony,169.81,496

005,Audifonos,0000000287,Food,2026-04-28,Nestle,639.6,47

006,Microondas,0000000288,Kitchen,2025-07-26,Philips,334.97,233

023,Monitor,0000000289,Food,2025-07-01,LG,524.5,400

030,Pan,0000000290,Computers,2025-08-22,Whirlpool,244.63,400

024,Teclado,0000000291,Computers,2025-01-16,Dell,609.57,107

009,Monitor,0000000292,Electronics,2025-05-05,LG,364.24,156

013,Pan,0000000293,Food,2025-07-21,HP,810.31,270

009,Queso,0000000294,Computers,2026-02-06,Samsung,891.76,99

009,Leche,0000000295,Food,2026-09-20,Bimbo,717.28,45

017,Jugo,0000000296,Food,2025-02-24,Dell,591.63,46

005,Microondas,0000000297,Kitchen,2026-05-13,Bimbo,575.49,494

000,Monitor,0000000298,Computers,2026-12-02,Sony,852.82,57

021,Carne,0000000299,Food,2026-06-26,Philips,195.06,457

004,Leche,0000000300,Food,2026-08-27,Samsung,761.61,39

009,Queso,0000000301,Computers,2025-04-22,Bimbo,434.93,471

014,Pan,0000000302,Kitchen,2026-07-23,Dell,302.01,318

025,Microondas,0000000303,Electronics,2025-01-27,Sony,37.18,19

021,Queso,0000000304,Electronics,2026-02-16,Sony,794.2,94

018,Jugo,0000000305,Electronics,2025-06-12,Nestle,374.5,350

022,Leche,0000000306,Kitchen,2025-01-11,Nestle,570.69,289

021,Teclado,0000000307,Computers,2025-10-16,HP,741.33,437

012,Leche,0000000308,Kitchen,2026-04-26,Samsung,39.65,336

028,Licuadora,0000000309,Food,2026-04-10,Sony,461.87,425

006,Teclado,0000000310,Kitchen,2025-12-06,Philips,956.31,421

025,Licuadora,0000000311,Electronics,2025-02-17,Bimbo,691.24,191

003,Jugo,0000000312,Computers,2026-03-06,Samsung,473.01,270

007,Licuadora,0000000313,Food,2025-12-09,Bimbo,490.9,437

019,Refrigeradora,0000000314,Kitchen,2025-08-12,Samsung,317.94,278

019,Cafetera,0000000315,Food,2026-03-15,Sony,354.83,294

013,Queso,0000000316,Kitchen,2026-06-24,Whirlpool,451.05,37

016,Leche,0000000317,Food,2025-12-06,Nestle,621.44,235

016,Jugo,0000000318,Electronics,2025-03-10,HP,550.7,170

000,Pan,0000000319,Computers,2025-02-15,Samsung,107.9,401

026,Refrigeradora,0000000320,Kitchen,2026-12-09,HP,29.77,24

024,Licuadora,0000000321,Computers,2025-12-22,Whirlpool,754.73,352

002,Microondas,0000000322,Kitchen,2026-12-21,Dell,796.65,108

020,Mouse,0000000323,Kitchen,2026-09-25,Nestle,141.53,382

019,Jugo,0000000324,Kitchen,2026-06-19,Whirlpool,711.78,238

003,Refrigeradora,0000000325,Kitchen,2025-04-13,HP,909.59,42

005,Carne,0000000326,Computers,2026-05-24,Dell,245.41,1

022,Mouse,0000000327,Computers,2026-04-21,Bimbo,851.98,288

029,Jugo,0000000328,Computers,2026-03-19,Whirlpool,971.07,294

025,Licuadora,0000000329,Food,2026-06-12,LG,630.07,498

003,Cafetera,0000000330,Kitchen,2026-11-12,Samsung,158.43,80

008,Teclado,0000000331,Computers,2026-03-22,Bimbo,743.55,84

019,Laptop,0000000332,Computers,2026-03-10,LG,21.25,459

007,Pan,0000000333,Kitchen,2025-05-08,Sony,463.28,447

012,Licuadora,0000000334,Electronics,2026-05-04,LG,102.72,158

025,Monitor,0000000335,Computers,2026-06-18,Samsung,340.66,265

030,Queso,0000000336,Kitchen,2026-09-19,Bimbo,701.25,498

022,Jugo,0000000337,Food,2025-04-17,Whirlpool,413.93,121

019,Laptop,0000000338,Electronics,2026-01-23,HP,438.48,36

016,Carne,0000000339,Kitchen,2026-07-12,HP,750.51,353

022,Teclado,0000000340,Kitchen,2026-02-17,HP,813.0,65

012,Audifonos,0000000341,Electronics,2025-07-06,Sony,338.82,465

014,Licuadora,0000000342,Computers,2026-03-25,Sony,339.58,153

027,Laptop,0000000343,Food,2025-08-03,Dell,612.49,75

021,Jugo,0000000344,Electronics,2025-02-07,Nestle,296.27,486

003,Refrigeradora,0000000345,Electronics,2025-08-25,Nestle,210.51,190

014,Mouse,0000000346,Computers,2025-09-08,LG,990.42,340

004,Licuadora,0000000347,Electronics,2026-05-23,HP,638.7,346

015,Audifonos,0000000348,Kitchen,2026-01-01,HP,479.04,252

012,Carne,0000000349,Electronics,2026-11-01,Philips,412.75,343

003,Queso,0000000350,Kitchen,2025-05-13,Samsung,647.62,248

028,Mouse,0000000351,Food,2026-02-22,Whirlpool,639.09,204

015,Monitor,0000000352,Kitchen,2025-04-02,Sony,450.37,442

005,Laptop,0000000353,Food,2026-04-15,Samsung,483.24,379

013,Jugo,0000000354,Computers,2026-10-27,Sony,978.67,249

030,Teclado,0000000355,Electronics,2025-01-12,Samsung,368.63,213

027,Leche,0000000356,Computers,2025-12-12,Nestle,324.84,241

014,Cafetera,0000000357,Electronics,2026-08-01,LG,704.73,230

023,Microondas,0000000358,Electronics,2026-12-21,Nestle,326.71,53

005,Teclado,0000000359,Electronics,2025-09-18,Bimbo,164.96,116

027,Pan,0000000360,Food,2025-05-16,LG,406.55,19

027,Cafetera,0000000361,Electronics,2025-05-08,LG,564.59,339

022,Licuadora,0000000362,Computers,2025-10-11,Philips,98.55,268

002,Teclado,0000000363,Kitchen,2026-12-13,HP,420.57,402

023,Laptop,0000000364,Computers,2025-06-15,Philips,105.25,362

018,Microondas,0000000365,Food,2026-12-26,Philips,33.07,248

010,Licuadora,0000000366,Food,2025-01-26,Sony,316.98,246

029,Queso,0000000367,Kitchen,2026-05-23,HP,195.05,178

015,Licuadora,0000000368,Kitchen,2025-05-02,HP,539.15,359

002,Leche,0000000369,Food,2026-03-11,HP,855.81,436

016,Microondas,0000000370,Food,2026-02-28,Dell,206.04,156

006,Queso,0000000371,Kitchen,2025-05-05,Sony,707.48,403

026,Cafetera,0000000372,Computers,2026-03-20,Philips,943.37,361

023,Audifonos,0000000373,Food,2025-03-21,Bimbo,777.92,99

012,Pan,0000000374,Electronics,2026-10-17,LG,717.46,304

008,Monitor,0000000375,Electronics,2026-11-27,Sony,688.35,217

028,Laptop,0000000376,Kitchen,2025-04-19,HP,982.9,180

004,Cafetera,0000000377,Computers,2025-04-19,Bimbo,908.71,352

009,Microondas,0000000378,Kitchen,2026-02-24,Nestle,802.49,469

028,Jugo,0000000379,Computers,2025-05-12,Nestle,193.85,279

020,Microondas,0000000380,Food,2026-06-19,Bimbo,73.89,282

029,Audifonos,0000000381,Electronics,2026-09-21,Philips,488.33,28

004,Jugo,0000000382,Kitchen,2025-02-27,LG,426.72,445

020,Microondas,0000000383,Kitchen,2025-09-02,Samsung,381.71,80

014,Mouse,0000000384,Kitchen,2025-11-28,Dell,623.27,486

021,Licuadora,0000000385,Electronics,2025-06-11,Samsung,813.34,170

013,Jugo,0000000386,Kitchen,2026-07-05,Dell,291.19,57

016,Pan,0000000387,Electronics,2026-03-07,LG,128.65,472

030,Laptop,0000000388,Electronics,2026-03-06,Nestle,649.52,220

023,Queso,0000000389,Kitchen,2025-06-27,Dell,573.44,457

012,Monitor,0000000390,Electronics,2026-08-25,HP,428.54,19

003,Monitor,0000000391,Food,2026-07-24,Samsung,811.99,397

001,Leche,0000000392,Electronics,2025-12-04,Samsung,608.29,275

003,Audifonos,0000000393,Kitchen,2026-06-26,Samsung,244.17,118

028,Audifonos,0000000394,Computers,2026-07-04,Philips,320.74,270

002,Audifonos,0000000395,Computers,2025-04-03,Whirlpool,162.12,112

023,Audifonos,0000000396,Computers,2025-10-13,HP,848.69,102

030,Teclado,0000000397,Food,2026-07-04,Whirlpool,187.36,11

025,Monitor,0000000398,Computers,2025-03-08,LG,780.48,143

015,Mouse,0000000399,Kitchen,2026-10-28,Whirlpool,434.34,328

011,Jugo,0000000400,Electronics,2025-07-22,HP,392.64,91

003,Laptop,0000000401,Electronics,2025-06-23,Bimbo,334.87,267

024,Licuadora,0000000402,Computers,2026-06-22,Dell,36.26,95

020,Jugo,0000000403,Food,2026-01-08,Samsung,316.56,353

026,Microondas,0000000404,Computers,2026-11-21,Whirlpool,758.21,454

006,Pan,0000000405,Food,2025-09-17,Sony,337.92,137

019,Pan,0000000406,Electronics,2026-06-12,HP,873.96,94

020,Queso,0000000407,Electronics,2025-08-16,Nestle,342.21,201

021,Jugo,0000000408,Computers,2026-03-14,HP,718.64,50

023,Laptop,0000000409,Food,2025-03-04,Bimbo,924.24,18

010,Queso,0000000410,Food,2025-10-02,LG,53.15,328

019,Carne,0000000411,Food,2025-02-14,Bimbo,425.63,345

020,Licuadora,0000000412,Kitchen,2026-02-09,Whirlpool,440.05,179

012,Microondas,0000000413,Kitchen,2025-11-02,Samsung,383.52,35

021,Licuadora,0000000414,Computers,2026-09-02,Sony,421.95,159

003,Licuadora,0000000415,Food,2026-07-27,Sony,382.74,182

028,Mouse,0000000416,Food,2026-06-28,Nestle,701.68,336

025,Pan,0000000417,Kitchen,2025-03-25,Samsung,705.82,289

007,Mouse,0000000418,Food,2025-09-15,LG,721.9,196

028,Licuadora,0000000419,Kitchen,2025-10-26,Bimbo,630.65,161

001,Refrigeradora,0000000420,Electronics,2026-02-02,Philips,269.93,343

027,Carne,0000000421,Kitchen,2026-01-18,Sony,310.5,98

017,Cafetera,0000000422,Food,2026-10-09,Sony,925.52,252

015,Queso,0000000423,Electronics,2026-07-18,Dell,926.74,420

021,Audifonos,0000000424,Food,2025-03-25,Philips,373.95,482

001,Queso,0000000425,Electronics,2026-03-23,LG,901.08,202

000,Monitor,0000000426,Food,2026-07-16,Sony,886.31,439

027,Audifonos,0000000427,Kitchen,2025-05-19,Dell,634.05,121

008,Jugo,0000000428,Electronics,2026-02-02,HP,860.87,485

001,Pan,0000000429,Electronics,2026-09-25,Whirlpool,488.23,488

007,Refrigeradora,0000000430,Electronics,2025-11-03,Whirlpool,22.46,383

003,Jugo,0000000431,Kitchen,2026-08-04,Samsung,490.09,24

006,Audifonos,0000000432,Food,2026-07-22,HP,351.85,17

001,Queso,0000000433,Food,2026-03-25,Bimbo,910.14,257

013,Licuadora,0000000434,Food,2026-02-12,Samsung,766.51,158

014,Laptop,0000000435,Computers,2026-06-11,LG,479.86,389

018,Licuadora,0000000436,Computers,2026-09-21,Samsung,150.68,394

002,Queso,0000000437,Computers,2026-09-08,Nestle,486.07,165

014,Teclado,0000000438,Computers,2025-03-25,Dell,260.85,82

023,Laptop,0000000439,Kitchen,2025-11-26,LG,438.53,180

020,Cafetera,0000000440,Food,2026-03-13,HP,780.32,293

017,Refrigeradora,0000000441,Kitchen,2025-02-09,Bimbo,668.75,235

006,Microondas,0000000442,Food,2025-10-28,Whirlpool,139.01,90

018,Laptop,0000000443,Electronics,2026-07-09,Samsung,121.93,356

029,Jugo,0000000444,Computers,2026-08-24,Whirlpool,974.26,52

025,Licuadora,0000000445,Kitchen,2026-09-27,Philips,309.73,397

013,Monitor,0000000446,Computers,2026-02-13,Philips,434.31,131

024,Licuadora,0000000447,Food,2025-06-13,Whirlpool,382.94,426

030,Licuadora,0000000448,Electronics,2026-11-13,Sony,42.11,330

021,Audifonos,0000000449,Food,2026-07-16,Samsung,219.31,382

003,Leche,0000000450,Kitchen,2025-02-16,Samsung,574.07,171

019,Microondas,0000000451,Electronics,2026-08-23,HP,30.11,423

023,Licuadora,0000000452,Food,2026-08-10,Sony,541.58,300

010,Laptop,0000000453,Electronics,2026-12-27,Samsung,742.75,441

018,Cafetera,0000000454,Food,2026-06-22,Nestle,764.58,64

028,Laptop,0000000455,Computers,2025-09-21,Sony,235.41,327

018,Monitor,0000000456,Computers,2026-03-18,Philips,719.78,419

001,Monitor,0000000457,Kitchen,2025-11-11,Nestle,734.3,331

019,Queso,0000000458,Electronics,2025-01-20,Philips,472.64,257

018,Carne,0000000459,Kitchen,2025-08-04,LG,913.4,500

030,Mouse,0000000460,Electronics,2026-07-24,Bimbo,530.31,70

002,Licuadora,0000000461,Kitchen,2026-08-19,Dell,130.57,285

019,Leche,0000000462,Computers,2025-04-28,Sony,48.45,207

025,Refrigeradora,0000000463,Food,2026-09-24,Nestle,386.76,120

010,Leche,0000000464,Electronics,2026-06-14,Sony,825.6,143

018,Refrigeradora,0000000465,Food,2026-01-08,LG,443.9,27

004,Jugo,0000000466,Kitchen,2026-06-27,Philips,590.38,320

027,Refrigeradora,0000000467,Food,2026-12-06,Bimbo,593.82,275

004,Monitor,0000000468,Food,2025-04-21,Sony,701.81,393

025,Teclado,0000000469,Computers,2026-02-26,LG,994.23,248

007,Mouse,0000000470,Kitchen,2025-08-06,Dell,484.3,144

022,Laptop,0000000471,Electronics,2025-05-03,LG,257.67,139

006,Jugo,0000000472,Food,2026-11-12,Whirlpool,663.95,459

020,Monitor,0000000473,Computers,2025-02-21,Samsung,678.95,264

015,Carne,0000000474,Kitchen,2025-01-01,Dell,772.06,175

017,Leche,0000000475,Food,2026-10-09,Dell,434.33,476

023,Laptop,0000000476,Electronics,2025-03-05,Dell,288.87,45

027,Leche,0000000477,Computers,2025-07-03,Samsung,239.63,469

022,Mouse,0000000478,Computers,2026-06-02,Whirlpool,730.85,499

024,Licuadora,0000000479,Electronics,2025-07-16,Whirlpool,454.18,203

006,Monitor,0000000480,Food,2026-08-14,Dell,992.02,312

022,Jugo,0000000481,Food,2025-12-27,Samsung,874.22,499

022,Audifonos,0000000482,Food,2026-09-07,Sony,600.89,41

001,Leche,0000000483,Kitchen,2025-12-15,Sony,929.34,153

005,Jugo,0000000484,Computers,2026-03-03,Sony,93.93,254

010,Cafetera,0000000485,Kitchen,2025-04-23,Samsung,79.42,351

015,Audifonos,0000000486,Kitchen,2025-06-16,Bimbo,357.0,306

014,Queso,0000000487,Computers,2025-04-04,Bimbo,14.98,246

004,Refrigeradora,0000000488,Kitchen,2026-01-24,Philips,511.88,294

021,Leche,0000000489,Electronics,2026-02-18,Bimbo,475.17,409

023,Refrigeradora,0000000490,Computers,2025-07-20,Sony,731.64,403

026,Refrigeradora,0000000491,Kitchen,2025-12-27,Sony,697.64,398

006,Microondas,0000000492,Food,2026-03-15,HP,566.79,356

003,Mouse,0000000493,Computers,2025-07-20,HP,785.85,181

005,Audifonos,0000000494,Computers,2025-01-08,HP,198.39,216

025,Laptop,0000000495,Computers,2026-10-04,Bimbo,130.1,179

005,Microondas,0000000496,Food,2026-02-09,Samsung,760.24,187

001,Jugo,0000000497,Kitchen,2026-08-11,HP,39.34,270

012,Refrigeradora,0000000498,Computers,2025-05-15,Samsung,999.2,227

014,Microondas,0000000499,Electronics,2026-07-04,Sony,423.08,282

019,Teclado,0000000500,Kitchen,2026-08-09,Whirlpool,732.87,109

000,Audifonos,0000000501,Electronics,2026-08-04,Sony,373.04,464

030,Cafetera,0000000502,Electronics,2025-09-22,HP,91.08,441

025,Laptop,0000000503,Electronics,2026-09-08,Dell,918.24,100

005,Mouse,0000000504,Computers,2025-01-08,Sony,589.4,118

020,Cafetera,0000000505,Food,2025-06-15,Dell,847.59,479

020,Audifonos,0000000506,Kitchen,2026-06-19,Sony,363.6,331

021,Queso,0000000507,Computers,2026-09-04,Sony,550.77,369

006,Microondas,0000000508,Computers,2026-10-26,HP,281.35,269

028,Microondas,0000000509,Electronics,2025-10-22,LG,229.9,122

007,Microondas,0000000510,Kitchen,2025-12-19,Philips,10.76,468

010,Monitor,0000000511,Computers,2025-03-09,HP,222.44,317

018,Teclado,0000000512,Computers,2025-09-02,Samsung,720.31,380

015,Carne,0000000513,Food,2026-09-26,HP,244.9,239

015,Jugo,0000000514,Food,2025-05-24,Samsung,774.67,364

025,Audifonos,0000000515,Kitchen,2025-04-17,Sony,810.31,237

020,Teclado,0000000516,Computers,2026-08-13,Bimbo,651.84,486

029,Leche,0000000517,Computers,2026-01-23,Dell,15.82,210

015,Pan,0000000518,Computers,2025-09-12,Whirlpool,94.97,302

015,Jugo,0000000519,Electronics,2025-06-04,Sony,427.95,208

025,Leche,0000000520,Food,2026-03-21,Philips,932.69,369

008,Leche,0000000521,Kitchen,2026-01-10,HP,260.56,112

022,Pan,0000000522,Kitchen,2026-07-07,Bimbo,489.07,372

026,Microondas,0000000523,Electronics,2026-12-06,Philips,246.39,233

017,Audifonos,0000000524,Computers,2026-04-15,Whirlpool,228.51,437

005,Cafetera,0000000525,Food,2025-11-01,Samsung,879.4,455

005,Cafetera,0000000526,Kitchen,2025-04-02,Philips,259.53,195

016,Teclado,0000000527,Electronics,2025-05-28,Samsung,69.11,486

016,Mouse,0000000528,Food,2025-11-05,Nestle,283.93,434

001,Queso,0000000529,Computers,2025-05-05,Nestle,594.24,92

028,Carne,0000000530,Electronics,2026-10-08,Dell,215.96,388

025,Carne,0000000531,Electronics,2025-10-02,Whirlpool,393.34,206

006,Laptop,0000000532,Kitchen,2025-08-05,Bimbo,238.24,301

028,Cafetera,0000000533,Kitchen,2026-11-05,Whirlpool,60.61,368

001,Laptop,0000000534,Food,2025-09-12,Nestle,873.38,414

021,Cafetera,0000000535,Computers,2025-10-05,Dell,15.69,50

006,Licuadora,0000000536,Computers,2026-04-21,Nestle,703.33,294

002,Audifonos,0000000537,Food,2025-06-20,Sony,657.34,214

002,Licuadora,0000000538,Electronics,2026-02-18,Sony,257.5,83

002,Licuadora,0000000539,Kitchen,2026-03-11,Samsung,306.52,167

000,Leche,0000000540,Food,2025-10-19,Samsung,225.37,196

026,Leche,0000000541,Electronics,2026-06-26,Sony,785.79,491

013,Carne,0000000542,Food,2025-01-01,Bimbo,757.82,169

021,Jugo,0000000543,Electronics,2026-11-04,Bimbo,666.13,238

018,Refrigeradora,0000000544,Kitchen,2025-03-03,Samsung,91.15,445

028,Licuadora,0000000545,Food,2026-04-04,Whirlpool,505.43,319

008,Pan,0000000546,Food,2026-11-08,Sony,548.81,228

006,Jugo,0000000547,Computers,2025-08-08,Philips,587.72,435

016,Licuadora,0000000548,Computers,2026-09-19,Whirlpool,272.79,89

007,Refrigeradora,0000000549,Kitchen,2026-02-03,Dell,509.78,500

016,Carne,0000000550,Kitchen,2025-08-23,Samsung,618.22,489

005,Laptop,0000000551,Electronics,2026-06-16,Bimbo,303.5,58

021,Licuadora,0000000552,Kitchen,2026-12-12,Whirlpool,406.15,112

022,Carne,0000000553,Electronics,2025-11-25,LG,632.92,157

013,Carne,0000000554,Electronics,2025-07-08,Sony,128.05,66

024,Leche,0000000555,Computers,2026-08-09,Nestle,321.77,475

012,Microondas,0000000556,Kitchen,2026-11-08,LG,285.34,187

015,Jugo,0000000557,Kitchen,2025-06-20,LG,149.66,123

024,Audifonos,0000000558,Computers,2025-08-09,Sony,929.55,352

012,Audifonos,0000000559,Computers,2025-12-01,Sony,94.11,460

024,Mouse,0000000560,Kitchen,2026-07-01,Sony,289.27,487

024,Queso,0000000561,Computers,2025-04-23,HP,290.5,278

003,Carne,0000000562,Computers,2026-07-03,Whirlpool,390.72,495

019,Queso,0000000563,Kitchen,2026-07-02,LG,229.28,39

027,Cafetera,0000000564,Kitchen,2025-09-10,Sony,386.88,2

020,Monitor,0000000565,Computers,2025-09-13,Sony,190.1,498

002,Cafetera,0000000566,Computers,2026-05-16,HP,724.54,488

010,Cafetera,0000000567,Electronics,2025-12-28,Sony,392.37,300

030,Licuadora,0000000568,Kitchen,2026-07-06,Nestle,911.8,202

006,Refrigeradora,0000000569,Electronics,2026-09-13,Whirlpool,199.04,38

025,Licuadora,0000000570,Electronics,2026-10-27,Samsung,480.44,478

025,Cafetera,0000000571,Computers,2025-11-16,Whirlpool,900.62,278

019,Queso,0000000572,Food,2026-11-03,Philips,901.07,417

019,Monitor,0000000573,Kitchen,2025-12-22,Sony,703.68,377

001,Refrigeradora,0000000574,Food,2026-02-05,Sony,824.96,48

029,Queso,0000000575,Computers,2025-01-19,Bimbo,370.4,293

030,Laptop,0000000576,Electronics,2025-05-27,Samsung,627.81,338

004,Licuadora,0000000577,Kitchen,2025-08-03,Philips,806.15,202

010,Jugo,0000000578,Electronics,2026-01-01,HP,540.52,451

019,Carne,0000000579,Electronics,2025-03-24,HP,316.11,395

021,Cafetera,0000000580,Computers,2025-02-06,Nestle,317.49,441

003,Audifonos,0000000581,Food,2026-01-11,Nestle,323.89,144

008,Microondas,0000000582,Kitchen,2026-12-06,Philips,208.23,258

003,Monitor,0000000583,Electronics,2026-02-13,Sony,148.09,217

027,Teclado,0000000584,Kitchen,2026-03-10,Nestle,168.62,394

017,Mouse,0000000585,Electronics,2026-10-22,Nestle,48.52,113

021,Cafetera,0000000586,Food,2025-03-13,HP,56.0,433

024,Refrigeradora,0000000587,Food,2025-03-09,Nestle,636.99,417

005,Refrigeradora,0000000588,Computers,2026-09-27,Whirlpool,780.97,449

014,Jugo,0000000589,Food,2026-09-12,LG,614.4,109

021,Laptop,0000000590,Kitchen,2026-08-08,LG,881.05,64

025,Microondas,0000000591,Computers,2026-04-10,Whirlpool,429.19,362

005,Mouse,0000000592,Food,2026-06-17,Sony,244.87,215

022,Teclado,0000000593,Electronics,2026-11-08,Philips,735.27,182

012,Cafetera,0000000594,Food,2025-08-18,Sony,695.33,102

011,Cafetera,0000000595,Kitchen,2026-05-20,Whirlpool,740.63,51

000,Carne,0000000596,Computers,2026-06-18,HP,261.94,326

019,Leche,0000000597,Kitchen,2025-12-26,Nestle,583.27,51

022,Laptop,0000000598,Electronics,2026-10-23,Philips,146.54,250

012,Refrigeradora,0000000599,Food,2026-01-25,Nestle,668.17,469

017,Microondas,0000000600,Kitchen,2025-07-27,Nestle,758.76,247

015,Mouse,0000000601,Kitchen,2026-05-15,Whirlpool,517.91,426

021,Monitor,0000000602,Food,2026-09-09,HP,24.11,393

023,Mouse,0000000603,Kitchen,2025-02-11,Philips,327.25,239

029,Pan,0000000604,Food,2025-02-19,HP,205.33,97

014,Cafetera,0000000605,Computers,2026-09-10,Whirlpool,450.86,129

005,Licuadora,0000000606,Computers,2026-02-06,LG,673.25,166

015,Mouse,0000000607,Kitchen,2025-12-07,Philips,916.75,33

024,Microondas,0000000608,Kitchen,2026-05-08,Samsung,221.0,411

026,Jugo,0000000609,Kitchen,2026-08-09,Dell,424.26,135

008,Refrigeradora,0000000610,Food,2025-09-19,Philips,196.15,302

001,Laptop,0000000611,Electronics,2026-08-24,HP,887.71,273

015,Licuadora,0000000612,Kitchen,2026-07-20,Sony,453.04,117

019,Refrigeradora,0000000613,Electronics,2026-12-13,HP,846.86,202

027,Refrigeradora,0000000614,Electronics,2025-10-28,LG,326.35,355

021,Audifonos,0000000615,Kitchen,2026-09-23,Nestle,335.52,114

001,Teclado,0000000616,Electronics,2025-12-26,Whirlpool,807.12,343

012,Laptop,0000000617,Computers,2026-01-15,Dell,696.27,354

000,Refrigeradora,0000000618,Computers,2026-04-21,HP,30.62,222

030,Refrigeradora,0000000619,Food,2026-11-18,HP,725.31,85

029,Teclado,0000000620,Computers,2026-09-28,HP,259.12,11

008,Microondas,0000000621,Kitchen,2025-12-03,Sony,30.95,354

012,Leche,0000000622,Food,2025-07-21,Dell,221.92,138

007,Queso,0000000623,Food,2025-12-03,Nestle,826.15,294

008,Leche,0000000624,Computers,2026-07-12,Philips,828.51,428

009,Mouse,0000000625,Kitchen,2026-10-21,Sony,37.11,404

015,Cafetera,0000000626,Electronics,2025-08-24,Sony,959.43,453

012,Microondas,0000000627,Kitchen,2025-05-19,Bimbo,480.66,197

008,Queso,0000000628,Computers,2025-07-15,Bimbo,919.56,441

009,Microondas,0000000629,Computers,2025-04-01,Samsung,560.78,210

025,Audifonos,0000000630,Food,2025-01-14,Sony,353.24,57

000,Mouse,0000000631,Electronics,2025-02-25,Bimbo,573.54,433

028,Queso,0000000632,Food,2025-01-13,Whirlpool,582.5,26

025,Monitor,0000000633,Kitchen,2025-05-27,Bimbo,424.41,33

030,Licuadora,0000000634,Computers,2026-07-18,Sony,682.88,122

029,Leche,0000000635,Electronics,2026-01-06,Philips,778.27,456

006,Jugo,0000000636,Food,2025-08-07,Samsung,896.06,410

010,Teclado,0000000637,Kitchen,2025-05-06,Philips,601.46,199

010,Leche,0000000638,Computers,2025-03-01,Dell,38.89,231

021,Licuadora,0000000639,Electronics,2025-03-27,Whirlpool,15.79,21

003,Cafetera,0000000640,Computers,2026-02-13,HP,612.97,119

010,Leche,0000000641,Computers,2025-01-17,Whirlpool,582.33,100

024,Carne,0000000642,Electronics,2026-02-19,LG,592.62,142

027,Queso,0000000643,Electronics,2025-03-01,Whirlpool,199.2,441

006,Monitor,0000000644,Electronics,2026-04-24,LG,320.27,71

006,Refrigeradora,0000000645,Computers,2026-08-18,Samsung,82.51,363

014,Licuadora,0000000646,Electronics,2025-07-06,Bimbo,851.3,487

001,Licuadora,0000000647,Electronics,2025-05-14,Nestle,229.5,320

008,Refrigeradora,0000000648,Electronics,2026-03-01,Philips,386.22,438

025,Laptop,0000000649,Kitchen,2026-05-12,Sony,136.25,409

020,Audifonos,0000000650,Food,2025-04-24,Samsung,526.54,205

016,Monitor,0000000651,Computers,2025-06-24,Nestle,977.97,420

029,Audifonos,0000000652,Food,2025-07-22,HP,148.63,434

015,Laptop,0000000653,Electronics,2025-12-17,Philips,436.45,317

030,Teclado,0000000654,Computers,2025-02-14,Bimbo,709.66,203

030,Cafetera,0000000655,Kitchen,2026-02-01,Sony,965.37,476

012,Leche,0000000656,Food,2025-03-20,Philips,167.04,205

028,Laptop,0000000657,Computers,2025-02-26,Nestle,29.74,424

017,Monitor,0000000658,Electronics,2026-04-17,Whirlpool,271.37,155

009,Laptop,0000000659,Computers,2025-10-02,Samsung,899.58,205

025,Microondas,0000000660,Computers,2026-09-03,Sony,338.65,371

008,Queso,0000000661,Food,2026-12-21,Nestle,746.08,281

028,Licuadora,0000000662,Electronics,2025-07-06,Philips,541.3,292

015,Refrigeradora,0000000663,Kitchen,2026-02-25,LG,323.82,406

009,Laptop,0000000664,Computers,2025-02-17,Nestle,859.35,313

028,Audifonos,0000000665,Computers,2025-09-17,Samsung,353.04,91

023,Jugo,0000000666,Kitchen,2026-02-16,LG,512.77,486

007,Carne,0000000667,Electronics,2025-05-21,Dell,296.07,92

029,Teclado,0000000668,Food,2025-09-21,Philips,605.08,455

015,Teclado,0000000669,Electronics,2025-08-24,HP,157.38,398

026,Leche,0000000670,Electronics,2026-01-15,Sony,379.12,45

028,Queso,0000000671,Electronics,2026-03-02,Whirlpool,974.97,328

014,Cafetera,0000000672,Computers,2026-05-06,Dell,564.67,79

027,Carne,0000000673,Electronics,2026-03-26,HP,174.35,401

019,Queso,0000000674,Electronics,2026-04-07,HP,518.62,231

024,Teclado,0000000675,Food,2026-04-18,HP,363.82,270

004,Audifonos,0000000676,Electronics,2025-07-19,Samsung,659.16,383

007,Laptop,0000000677,Computers,2025-06-15,Philips,191.87,456

010,Laptop,0000000678,Food,2026-12-22,Sony,130.22,269

011,Microondas,0000000679,Kitchen,2026-09-28,Sony,710.73,334

003,Jugo,0000000680,Food,2026-06-13,Whirlpool,653.31,374

026,Refrigeradora,0000000681,Computers,2026-09-21,Bimbo,912.19,465

028,Teclado,0000000682,Computers,2026-11-17,Bimbo,140.25,293

027,Licuadora,0000000683,Kitchen,2026-08-17,Nestle,794.46,93

014,Leche,0000000684,Kitchen,2025-09-25,Samsung,767.97,447

020,Leche,0000000685,Electronics,2026-07-16,Dell,91.33,410

014,Jugo,0000000686,Electronics,2025-11-10,Sony,414.28,104

000,Laptop,0000000687,Computers,2025-03-20,Samsung,367.84,387

024,Pan,0000000688,Electronics,2025-06-08,Sony,548.95,37

022,Teclado,0000000689,Kitchen,2025-01-21,Samsung,429.66,3

011,Teclado,0000000690,Computers,2026-01-14,Samsung,955.55,454

030,Audifonos,0000000691,Food,2026-04-17,Bimbo,858.78,338

011,Licuadora,0000000692,Food,2026-12-21,Philips,44.49,82

029,Pan,0000000693,Computers,2026-11-13,Samsung,314.63,324

017,Leche,0000000694,Food,2026-10-18,Sony,850.98,198

025,Teclado,0000000695,Kitchen,2026-06-22,Nestle,739.88,123

005,Teclado,0000000696,Food,2026-03-16,HP,895.64,456

030,Teclado,0000000697,Electronics,2025-03-09,Whirlpool,221.71,220

010,Refrigeradora,0000000698,Kitchen,2025-10-03,Samsung,255.89,136

001,Queso,0000000699,Computers,2026-06-07,Whirlpool,254.57,90

028,Carne,0000000700,Electronics,2026-11-19,Dell,340.94,457

004,Monitor,0000000701,Kitchen,2025-04-26,Sony,869.5,468

008,Cafetera,0000000702,Food,2026-09-19,Nestle,230.48,343

019,Teclado,0000000703,Kitchen,2026-08-10,Whirlpool,741.61,362

006,Teclado,0000000704,Food,2025-04-08,LG,856.69,452

006,Monitor,0000000705,Computers,2025-06-20,Dell,984.94,366

012,Licuadora,0000000706,Food,2026-12-04,LG,154.16,50

028,Queso,0000000707,Electronics,2025-07-28,Sony,911.4,441

004,Pan,0000000708,Food,2025-11-17,Bimbo,151.05,44

005,Pan,0000000709,Food,2025-10-07,Bimbo,892.63,21

016,Microondas,0000000710,Food,2026-07-04,Whirlpool,541.28,322

012,Audifonos,0000000711,Food,2025-05-14,Bimbo,576.16,419

014,Queso,0000000712,Computers,2025-01-22,Dell,10.64,403

016,Leche,0000000713,Food,2026-04-09,Nestle,819.39,300

018,Monitor,0000000714,Electronics,2026-03-03,Philips,641.93,248

001,Licuadora,0000000715,Computers,2025-06-28,Dell,756.52,191

003,Teclado,0000000716,Kitchen,2026-02-16,HP,28.4,204

003,Mouse,0000000717,Computers,2025-05-21,Samsung,110.26,500

016,Refrigeradora,0000000718,Food,2025-12-15,Bimbo,584.02,435

025,Licuadora,0000000719,Electronics,2026-02-06,Nestle,236.65,455

007,Teclado,0000000720,Kitchen,2025-06-11,Sony,532.92,28

014,Carne,0000000721,Computers,2026-08-09,Nestle,989.43,177

019,Pan,0000000722,Food,2026-09-02,Samsung,347.94,299

013,Teclado,0000000723,Computers,2026-08-20,Dell,501.92,466

004,Refrigeradora,0000000724,Kitchen,2026-11-06,LG,271.98,32

026,Teclado,0000000725,Kitchen,2026-07-06,Philips,668.76,410

022,Cafetera,0000000726,Computers,2025-01-23,HP,321.7,113

001,Laptop,0000000727,Electronics,2025-05-17,Whirlpool,714.68,336

012,Licuadora,0000000728,Electronics,2026-10-13,Sony,296.17,4

005,Pan,0000000729,Kitchen,2026-06-27,Nestle,486.42,74

014,Leche,0000000730,Electronics,2026-11-24,LG,150.65,343

030,Refrigeradora,0000000731,Computers,2026-05-11,Bimbo,444.81,213

005,Microondas,0000000732,Electronics,2025-04-06,Dell,672.3,216

016,Carne,0000000733,Electronics,2026-08-07,Dell,570.68,167

025,Audifonos,0000000734,Computers,2025-03-24,Philips,447.44,371

010,Pan,0000000735,Computers,2026-12-11,HP,621.77,190

028,Refrigeradora,0000000736,Computers,2025-03-04,Whirlpool,904.47,309

021,Queso,0000000737,Kitchen,2025-05-03,HP,298.98,478

028,Cafetera,0000000738,Food,2026-07-14,Samsung,63.46,495

017,Cafetera,0000000739,Electronics,2025-02-09,Nestle,355.38,474

023,Carne,0000000740,Computers,2025-11-13,Samsung,573.12,132

023,Audifonos,0000000741,Food,2025-05-14,Philips,150.55,141

008,Monitor,0000000742,Food,2026-04-26,HP,507.73,268

020,Monitor,0000000743,Computers,2025-07-23,Sony,72.43,369

002,Cafetera,0000000744,Computers,2025-01-18,HP,362.75,494

021,Refrigeradora,0000000745,Food,2025-06-21,Philips,615.9,422

023,Mouse,0000000746,Electronics,2025-06-15,HP,220.2,199

019,Monitor,0000000747,Food,2026-11-27,Bimbo,682.88,309

012,Licuadora,0000000748,Kitchen,2026-08-07,HP,99.46,234

012,Pan,0000000749,Food,2025-06-25,Dell,210.15,83

010,Teclado,0000000750,Computers,2026-11-03,LG,175.31,132

020,Audifonos,0000000751,Computers,2025-05-04,Whirlpool,762.04,197

003,Carne,0000000752,Electronics,2025-11-26,Nestle,432.41,48

028,Refrigeradora,0000000753,Food,2026-07-21,Dell,28.15,144

001,Monitor,0000000754,Food,2025-01-26,HP,317.18,369

025,Queso,0000000755,Computers,2025-03-26,Samsung,752.69,322

022,Mouse,0000000756,Kitchen,2026-06-09,Sony,285.94,424

018,Laptop,0000000757,Kitchen,2025-03-18,Philips,267.69,245

014,Carne,0000000758,Computers,2026-08-16,Sony,828.45,349

003,Jugo,0000000759,Food,2026-10-02,LG,762.67,63

014,Pan,0000000760,Food,2026-03-18,Nestle,909.79,419

013,Microondas,0000000761,Food,2026-01-17,Whirlpool,774.1,188

001,Pan,0000000762,Kitchen,2025-11-04,LG,574.26,15

019,Jugo,0000000763,Electronics,2026-12-11,Sony,154.23,36

027,Pan,0000000764,Electronics,2025-06-09,Sony,912.2,218

026,Microondas,0000000765,Computers,2026-04-07,Samsung,201.98,124

022,Mouse,0000000766,Kitchen,2026-04-17,Sony,11.81,438

002,Pan,0000000767,Kitchen,2025-08-07,Philips,583.49,155

009,Cafetera,0000000768,Electronics,2026-09-27,Samsung,619.64,437

000,Teclado,0000000769,Kitchen,2026-09-11,Philips,926.19,76

023,Mouse,0000000770,Kitchen,2025-04-02,Nestle,711.19,391

012,Laptop,0000000771,Computers,2025-09-26,HP,425.44,319

002,Cafetera,0000000772,Kitchen,2026-06-20,HP,151.91,269

013,Jugo,0000000773,Kitchen,2026-08-25,Sony,338.7,351

026,Jugo,0000000774,Food,2026-03-04,Sony,914.54,444

013,Leche,0000000775,Electronics,2025-05-08,Whirlpool,337.54,31

025,Carne,0000000776,Electronics,2025-03-28,Sony,15.28,122

012,Carne,0000000777,Kitchen,2026-10-10,Dell,727.71,440

020,Carne,0000000778,Electronics,2026-09-17,Sony,722.37,200

009,Cafetera,0000000779,Computers,2026-09-20,Whirlpool,235.45,321

015,Licuadora,0000000780,Electronics,2026-02-15,Bimbo,468.98,71

021,Jugo,0000000781,Kitchen,2026-12-19,Philips,647.66,97

024,Refrigeradora,0000000782,Computers,2026-10-16,Dell,155.37,229

011,Laptop,0000000783,Kitchen,2026-04-27,Philips,339.29,457

009,Refrigeradora,0000000784,Computers,2026-06-21,Whirlpool,433.09,489

006,Audifonos,0000000785,Kitchen,2026-08-22,Whirlpool,822.72,303

025,Queso,0000000786,Computers,2025-06-13,Dell,657.76,200

027,Queso,0000000787,Food,2026-06-02,LG,185.32,285

004,Audifonos,0000000788,Food,2025-03-05,Philips,501.13,397

028,Jugo,0000000789,Computers,2025-12-16,HP,639.98,264

020,Jugo,0000000790,Computers,2025-06-26,Sony,448.47,495

013,Licuadora,0000000791,Computers,2025-12-10,Nestle,157.01,452

027,Pan,0000000792,Electronics,2026-07-14,Sony,602.75,459

003,Laptop,0000000793,Computers,2025-07-08,HP,882.86,104

012,Monitor,0000000794,Kitchen,2025-05-17,LG,857.34,473

012,Carne,0000000795,Electronics,2025-08-12,Dell,126.83,250

016,Cafetera,0000000796,Electronics,2026-07-04,Sony,989.72,403

008,Carne,0000000797,Computers,2026-07-07,Whirlpool,956.54,110

023,Teclado,0000000798,Electronics,2026-06-11,Nestle,443.04,442

030,Teclado,0000000799,Food,2026-09-12,Nestle,890.39,452

008,Cafetera,0000000800,Food,2025-06-19,Sony,226.06,86

027,Carne,0000000801,Kitchen,2026-07-02,Dell,986.25,265

030,Refrigeradora,0000000802,Food,2025-01-24,HP,428.71,279

012,Refrigeradora,0000000803,Food,2025-08-21,LG,704.53,107

000,Licuadora,0000000804,Food,2026-04-21,Sony,533.17,393

028,Refrigeradora,0000000805,Food,2025-09-27,Whirlpool,63.72,201

011,Licuadora,0000000806,Food,2026-05-10,Nestle,817.45,239

007,Refrigeradora,0000000807,Food,2026-11-17,Whirlpool,178.23,216

027,Carne,0000000808,Food,2025-06-26,Philips,869.67,361

011,Laptop,0000000809,Food,2025-12-28,Samsung,44.83,383

002,Pan,0000000810,Computers,2026-05-07,Nestle,532.12,147

012,Teclado,0000000811,Food,2025-08-13,Philips,370.81,361

014,Teclado,0000000812,Food,2026-12-14,HP,115.13,433

011,Cafetera,0000000813,Electronics,2026-06-14,LG,147.59,45

009,Queso,0000000814,Electronics,2026-05-13,Sony,488.46,194

017,Audifonos,0000000815,Kitchen,2025-09-08,Whirlpool,896.73,60

008,Mouse,0000000816,Food,2025-07-21,Philips,408.39,337

016,Carne,0000000817,Kitchen,2026-08-28,Samsung,238.18,272

002,Carne,0000000818,Kitchen,2025-07-04,Bimbo,266.32,457

019,Microondas,0000000819,Kitchen,2025-08-04,LG,695.42,84

002,Monitor,0000000820,Electronics,2026-11-22,LG,120.98,132

010,Jugo,0000000821,Kitchen,2026-12-11,Dell,894.1,14

018,Teclado,0000000822,Computers,2025-03-06,LG,564.34,102

017,Licuadora,0000000823,Computers,2025-12-17,Whirlpool,628.69,443

013,Cafetera,0000000824,Electronics,2026-02-07,Nestle,211.66,299

011,Mouse,0000000825,Food,2025-07-20,Dell,202.35,152

026,Mouse,0000000826,Computers,2026-04-22,Nestle,115.17,409

013,Microondas,0000000827,Kitchen,2026-01-11,Philips,259.39,190

009,Queso,0000000828,Kitchen,2026-09-19,Nestle,972.4,399

026,Jugo,0000000829,Computers,2026-12-06,Philips,665.99,491

007,Refrigeradora,0000000830,Food,2025-07-25,HP,544.71,92

024,Cafetera,0000000831,Electronics,2026-03-22,LG,263.08,68

022,Microondas,0000000832,Computers,2025-04-02,Philips,578.72,276

009,Microondas,0000000833,Electronics,2025-11-28,LG,990.21,50

002,Carne,0000000834,Computers,2025-12-09,Bimbo,777.81,67

021,Monitor,0000000835,Food,2025-10-25,Nestle,719.29,420

022,Laptop,0000000836,Electronics,2026-02-05,Whirlpool,829.47,68

028,Queso,0000000837,Kitchen,2026-06-22,Whirlpool,315.22,85

005,Licuadora,0000000838,Computers,2026-03-01,Nestle,150.13,185

006,Carne,0000000839,Electronics,2025-11-07,LG,391.31,213

016,Cafetera,0000000840,Computers,2026-05-26,Bimbo,108.79,154

009,Teclado,0000000841,Food,2026-05-17,Dell,318.15,216

017,Pan,0000000842,Food,2026-12-14,Samsung,129.64,137

013,Audifonos,0000000843,Kitchen,2025-11-07,LG,554.98,54

026,Audifonos,0000000844,Electronics,2026-08-16,Samsung,168.66,413

018,Licuadora,0000000845,Electronics,2025-04-05,Nestle,934.42,54

013,Licuadora,0000000846,Food,2025-03-11,LG,697.55,420

018,Refrigeradora,0000000847,Food,2025-01-15,Philips,37.03,313

019,Jugo,0000000848,Kitchen,2026-06-15,Dell,530.07,239

008,Audifonos,0000000849,Kitchen,2026-12-07,Samsung,249.36,69

019,Teclado,0000000850,Electronics,2025-08-09,Philips,527.0,340

008,Mouse,0000000851,Electronics,2026-06-14,LG,888.05,395

009,Leche,0000000852,Computers,2025-04-06,Sony,749.91,209

021,Mouse,0000000853,Kitchen,2026-02-03,Philips,236.0,425

015,Pan,0000000854,Computers,2026-09-03,Sony,412.34,301

017,Mouse,0000000855,Kitchen,2025-02-08,Samsung,852.28,12

018,Leche,0000000856,Electronics,2025-02-27,Nestle,437.17,51

017,Laptop,0000000857,Computers,2026-02-13,Samsung,57.03,45

002,Queso,0000000858,Computers,2026-12-14,Whirlpool,230.95,168

030,Pan,0000000859,Computers,2026-06-28,Philips,954.86,109

008,Licuadora,0000000860,Kitchen,2025-09-11,Philips,482.51,95

017,Audifonos,0000000861,Food,2025-08-21,Philips,26.36,229

030,Teclado,0000000862,Food,2026-11-13,Samsung,778.3,159

025,Jugo,0000000863,Computers,2025-11-24,Samsung,168.82,216

011,Queso,0000000864,Electronics,2026-09-08,Sony,949.63,358

018,Licuadora,0000000865,Kitchen,2025-03-09,Philips,815.32,494

011,Jugo,0000000866,Kitchen,2025-01-14,Philips,863.07,302

003,Licuadora,0000000867,Kitchen,2025-02-13,Dell,205.68,290

020,Cafetera,0000000868,Food,2025-05-12,HP,708.75,102

003,Carne,0000000869,Computers,2026-09-12,Whirlpool,177.42,498

026,Pan,0000000870,Computers,2025-11-23,Bimbo,519.12,293

010,Monitor,0000000871,Computers,2025-12-27,Dell,415.47,481

003,Cafetera,0000000872,Food,2026-09-20,Dell,949.86,340

026,Teclado,0000000873,Computers,2025-10-17,LG,369.25,339

014,Carne,0000000874,Electronics,2026-12-24,Philips,899.81,69

025,Laptop,0000000875,Computers,2026-04-10,Whirlpool,282.72,405

000,Cafetera,0000000876,Food,2026-08-19,Nestle,179.2,366

028,Refrigeradora,0000000877,Electronics,2026-12-18,Samsung,531.38,96

021,Audifonos,0000000878,Electronics,2025-04-27,Sony,730.08,430

020,Microondas,0000000879,Electronics,2026-10-18,Bimbo,302.82,356

030,Carne,0000000880,Computers,2025-11-13,HP,154.58,274

017,Jugo,0000000881,Electronics,2026-05-22,Sony,930.3,255

024,Jugo,0000000882,Kitchen,2026-12-12,LG,179.82,346

029,Licuadora,0000000883,Food,2025-03-25,HP,74.78,146

007,Mouse,0000000884,Food,2025-03-08,Philips,171.12,74

005,Pan,0000000885,Computers,2025-06-27,Samsung,933.96,280

016,Mouse,0000000886,Kitchen,2025-05-21,Sony,694.07,25

017,Licuadora,0000000887,Food,2026-06-14,Bimbo,173.44,298

012,Licuadora,0000000888,Kitchen,2025-08-14,Samsung,826.47,354

001,Audifonos,0000000889,Food,2025-10-13,Whirlpool,74.97,22

017,Licuadora,0000000890,Kitchen,2026-12-25,Samsung,797.13,449

025,Microondas,0000000891,Food,2025-01-15,Philips,463.91,298

001,Licuadora,0000000892,Food,2026-05-11,Sony,631.32,445

022,Laptop,0000000893,Computers,2026-12-21,Sony,981.14,171

000,Leche,0000000894,Electronics,2026-10-27,Bimbo,150.41,462

019,Carne,0000000895,Computers,2025-04-19,Philips,999.61,128

018,Leche,0000000896,Computers,2025-04-06,Dell,168.89,450

024,Mouse,0000000897,Electronics,2025-03-15,Nestle,679.89,155

016,Mouse,0000000898,Food,2026-12-15,HP,875.39,229

007,Laptop,0000000899,Food,2026-06-04,Philips,516.62,284

013,Queso,0000000900,Food,2026-07-11,Philips,397.63,248

008,Mouse,0000000901,Food,2026-05-03,LG,335.14,237

002,Cafetera,0000000902,Kitchen,2026-09-06,Whirlpool,215.29,384

001,Monitor,0000000903,Computers,2025-01-16,Dell,772.42,386

013,Leche,0000000904,Computers,2025-09-19,Philips,16.34,371

007,Audifonos,0000000905,Food,2026-10-10,Whirlpool,793.92,304

029,Audifonos,0000000906,Food,2026-12-20,Whirlpool,429.01,351

003,Mouse,0000000907,Food,2025-01-28,LG,303.85,433

021,Licuadora,0000000908,Kitchen,2026-11-25,Sony,80.63,293

024,Pan,0000000909,Electronics,2026-03-08,Samsung,721.38,98

009,Monitor,0000000910,Electronics,2026-02-18,Sony,950.33,400

003,Carne,0000000911,Food,2025-07-27,Samsung,590.3,450

015,Mouse,0000000912,Food,2025-01-01,Sony,406.89,381

011,Pan,0000000913,Kitchen,2026-01-23,LG,875.43,173

007,Queso,0000000914,Kitchen,2025-07-09,Nestle,379.35,165

019,Pan,0000000915,Computers,2026-10-25,Samsung,409.1,130

021,Monitor,0000000916,Kitchen,2026-08-12,Bimbo,815.1,229

011,Audifonos,0000000917,Kitchen,2025-02-03,Nestle,713.59,91

004,Queso,0000000918,Electronics,2025-05-02,Bimbo,778.59,475

028,Laptop,0000000919,Computers,2026-06-15,Samsung,644.73,14

023,Teclado,0000000920,Food,2025-08-26,Nestle,411.79,141

006,Queso,0000000921,Computers,2026-12-10,Dell,481.09,430

019,Carne,0000000922,Electronics,2025-12-01,LG,358.96,245

000,Jugo,0000000923,Food,2025-07-09,Nestle,646.58,436

018,Pan,0000000924,Computers,2026-02-18,HP,92.43,60

020,Pan,0000000925,Kitchen,2025-12-10,Dell,489.67,101

001,Microondas,0000000926,Food,2025-10-24,Dell,523.26,361

018,Jugo,0000000927,Computers,2025-10-18,Philips,321.26,235

009,Leche,0000000928,Computers,2025-06-03,Samsung,742.97,120

002,Queso,0000000929,Kitchen,2026-11-02,Bimbo,274.43,97

027,Monitor,0000000930,Food,2026-01-03,HP,612.29,295

030,Microondas,0000000931,Electronics,2025-06-17,Bimbo,252.53,345

002,Licuadora,0000000932,Electronics,2025-09-09,Sony,205.14,340

023,Cafetera,0000000933,Food,2025-11-23,Whirlpool,881.35,470

007,Mouse,0000000934,Electronics,2025-04-27,Bimbo,656.5,194

003,Refrigeradora,0000000935,Kitchen,2026-09-16,Whirlpool,740.81,144

026,Jugo,0000000936,Kitchen,2025-03-01,Philips,421.58,105

022,Carne,0000000937,Food,2026-04-08,Samsung,252.3,47

000,Laptop,0000000938,Electronics,2026-03-28,Dell,848.89,129

018,Monitor,0000000939,Computers,2025-04-13,Dell,605.23,419

008,Jugo,0000000940,Computers,2026-11-17,LG,376.72,417

029,Microondas,0000000941,Electronics,2026-10-07,Dell,656.99,117

024,Microondas,0000000942,Kitchen,2026-07-09,HP,393.6,116

000,Cafetera,0000000943,Electronics,2025-03-16,Samsung,611.54,271

018,Licuadora,0000000944,Food,2026-08-05,Sony,823.23,146

023,Microondas,0000000945,Computers,2025-06-05,Sony,584.12,273

000,Refrigeradora,0000000946,Computers,2026-04-08,Sony,676.36,42

019,Leche,0000000947,Food,2026-03-28,Dell,370.69,456

025,Monitor,0000000948,Computers,2025-03-21,LG,925.54,185

003,Mouse,0000000949,Computers,2025-05-10,Nestle,676.05,240

015,Queso,0000000950,Kitchen,2026-07-22,Philips,54.39,448

029,Pan,0000000951,Food,2025-07-03,LG,828.85,443

002,Cafetera,0000000952,Kitchen,2026-05-28,Dell,406.05,88

015,Carne,0000000953,Computers,2026-05-23,Dell,385.52,252

010,Licuadora,0000000954,Computers,2026-09-19,HP,465.44,214

029,Audifonos,0000000955,Food,2026-02-03,HP,861.59,37

012,Pan,0000000956,Electronics,2026-02-19,Sony,432.49,152

012,Cafetera,0000000957,Food,2026-02-22,LG,40.45,39

014,Teclado,0000000958,Food,2025-09-27,Philips,300.39,200

011,Teclado,0000000959,Food,2026-08-06,Nestle,687.4,424

014,Audifonos,0000000960,Computers,2025-12-05,Samsung,581.0,351

004,Mouse,0000000961,Food,2026-02-03,Dell,718.92,207

028,Carne,0000000962,Electronics,2026-07-26,Dell,542.01,1

020,Microondas,0000000963,Kitchen,2026-06-10,Sony,47.63,410

000,Jugo,0000000964,Food,2026-01-22,Dell,644.96,56

026,Microondas,0000000965,Computers,2025-12-17,Sony,626.63,309

004,Carne,0000000966,Kitchen,2025-07-07,Philips,178.81,413

007,Queso,0000000967,Computers,2026-11-26,Whirlpool,181.21,490

019,Cafetera,0000000968,Kitchen,2025-12-04,Sony,263.0,302

023,Monitor,0000000969,Food,2026-05-19,HP,872.42,302

029,Carne,0000000970,Computers,2026-07-11,Philips,857.92,482

026,Licuadora,0000000971,Computers,2025-05-10,LG,801.87,454

017,Leche,0000000972,Computers,2026-08-28,Philips,154.67,494

005,Monitor,0000000973,Electronics,2026-01-03,Dell,497.34,40

017,Carne,0000000974,Electronics,2026-04-28,Sony,694.27,53

015,Cafetera,0000000975,Computers,2026-09-24,LG,17.91,52

019,Licuadora,0000000976,Computers,2026-07-26,Sony,335.0,136

007,Teclado,0000000977,Electronics,2026-10-07,Nestle,659.13,488

005,Refrigeradora,0000000978,Computers,2026-10-10,Dell,772.43,116

003,Mouse,0000000979,Kitchen,2026-11-10,Philips,388.31,203

013,Leche,0000000980,Electronics,2025-02-01,Bimbo,419.39,490

025,Laptop,0000000981,Computers,2025-04-23,Whirlpool,67.46,189

010,Pan,0000000982,Electronics,2026-07-13,Dell,553.12,427

009,Laptop,0000000983,Food,2026-09-12,Philips,235.45,485

015,Teclado,0000000984,Kitchen,2026-12-01,LG,62.64,40

028,Queso,0000000985,Electronics,2025-12-08,Philips,786.67,23

013,Pan,0000000986,Computers,2025-02-12,Samsung,821.18,318

000,Microondas,0000000987,Computers,2025-06-07,Samsung,993.12,38

027,Teclado,0000000988,Food,2026-02-12,LG,970.38,418

007,Monitor,0000000989,Kitchen,2026-01-05,Philips,882.36,265

005,Refrigeradora,0000000990,Computers,2025-12-12,Whirlpool,343.48,245

009,Carne,0000000991,Kitchen,2025-02-14,Sony,817.38,227

015,Cafetera,0000000992,Kitchen,2026-12-07,Dell,769.38,9

014,Pan,0000000993,Kitchen,2026-07-11,Whirlpool,466.23,362

007,Refrigeradora,0000000994,Food,2026-07-26,LG,767.42,311

015,Teclado,0000000995,Electronics,2026-01-11,Philips,391.92,458

010,Mouse,0000000996,Kitchen,2026-09-21,HP,484.81,309

023,Leche,0000000997,Food,2026-07-06,LG,737.9,14

021,Monitor,0000000998,Computers,2026-10-26,LG,396.04,376

024,Mouse,0000000999,Kitchen,2025-02-17,Bimbo,449.2,104

011,Microondas,0000001000,Computers,2026-11-23,Philips,506.4,27

